type,context,query,answer
填空,说书虽小技，然必勾性情，习方俗，如优孟摇头而歌，而后可以得志。,勾,勾画、刻画、描摹
填空,盖敬亭极喜写书调文，别字满纸，故牧斋以此谐之。,谐,调侃、取笑、讥笑、嘲笑
选择,说书虽小技，然必勾性情，习方俗，如优孟摇头而歌，而后可以得志。,得志,事业有成
选择,亡何，国变，宁南死。敬亭丧失其资略尽，贫困如故时，始复上街头理其故业。,理,操理
翻译,其市井小人昔与敬亭尔汝者，从道旁私语：“此故吾侪同说书者也，今富贵若此！”,尔汝者,关系亲密、平辈相称的人
注释,而敬亭耳剽口熟，从委巷活套中来者，无不与宁南意合。,委巷,民间、市井之地
填空,至则索民挽舟，易于即腰笏，引舟上下。,腰,腰间插着，把（笏）插在腰带里
填空,益昌不征茶，百姓尚不可活，矧厚其赋以毒民乎！,厚,增加，加重
选择,上请贷期，不欲紧绳百姓，使贱出粟帛。,绳,勒索
选择,膺命举贤，则曰吾患无以塞诏。,膺,接受
翻译,吾宁爱一身以毒一邑民乎？亦不使罪蔓尔曹。,爱,吝惜
翻译,吾宁爱一身以毒一邑民乎？亦不使罪蔓尔曹。,毒,残害，伤害
翻译,吾宁爱一身以毒一邑民乎？亦不使罪蔓尔曹。,蔓,蔓延，延及
注释,益昌不征茶，百姓尚不可活，矧厚其赋以毒民乎！,矧,何况
注释,亦不使罪蔓尔曹。,窜,放逐，流放
注释,会盐铁官奏重榷筦，诏下所在不得为百姓匿。,榷,专卖，专利
填空,时右相李林甫擅权，薄于文雅，唯以举子待之。,擅,独揽
填空,初，上皇以诸王分镇，适切谏不可。,切,率直
选择,解褐汴州封丘尉，非其好也，乃去位，客游河右。,解褐,担任官职
选择,适喜言王霸大略，务功名，尚节义。累为藩牧，政存宽简，吏民便之。,藩牧,地方长官
翻译,逢时多难，以安危为己任，然言过其术，为大臣所轻。,术,策略、能力、方法
翻译,逢时多难，以安危为己任，然言过其术，为大臣所轻。,逢,遭遇，恰逢
翻译,逢时多难，以安危为己任，然言过其术，为大臣所轻。,为……所,被动句式，表示“被……所……”
注释,陛下因此履巴山、剑阁之险，西幸蜀中，避其虿毒，未足为耻也。,虿毒,比喻严重的祸害或政治毒害
填空,故古者藏冰，用于宾、食、丧、祭，而老疾亦受之，民无厉疾。吾师其遗意也。,师,效法、学习
填空,公亲疾，召君，不时至；独余召之，夕闻未尝至以朝也。,时,按时、及时
选择,又逾年，客淮南，始为文以归其孤。,归,交给
选择,义从古，迹戾世，隐于方，尚其志。,戾,违背
翻译,公知吾谨事公意否？吾非医者，惟公能传之，幸为我德。,传,传扬、作传
翻译,公知吾谨事公意否？吾非医者，惟公能传之，幸为我德。,德,施以恩德
注释,予尝见诸势家敦迫之使麇至使者稽首阶下君伏几呻吟固却之,麇,成群
注释,乙亥，余复至京师，君柩果肂，遗命必得余文以葬。,肂,暂时掩埋
填空,哲宗即位，用刘挚荐，为监察御史。,用,因为
填空,熙帅范育侦伺夏右厢种落大抵趣河外,趣,通“趋”，前往，奔向
选择,愿复差法如嘉祐时,差法,徭役赋敛
选择,所司惮于省录，颇成壅滞,省录,视察登记
翻译,其调兵赀费，一从便宜，不必中覆。,便宜,自行决断，酌情处理
翻译,其调兵赀费，一从便宜，不必中覆。,中覆,上报朝廷请示
注释,坏七厓巉堡，掠居人，转侵泾原及河外鄜、府州,堡砦,指围以土墙木栅的战守据点
填空,然数奇，屡试辄蹶。,蹶,受挫，失败
填空,文长既雅不与时调合，当时所谓骚坛主盟者，文长皆叱而奴之，故其名不出於越。,雅,素常，向来
选择,然数奇，屡试辄蹶。公以是益奇之，一切疏记，皆出其手。,数,命运
选择,余谓文长，无之而不奇者也。无之而不奇，斯无之而不奇也，悲夫！,奇,不顺利
翻译,视一世士，无可当意者，然竟不偶。,当意,合心意，满意
翻译,视一世士，无可当意者，然竟不偶。,不偶,不得志，命运不顺
填空,直方虽在童子中，常发愤自厉，必欲伸已志乃已。,厉,奋发
填空,上念其功，超授集贤直学士。,超,越级
选择,元末，庙堂用事者专权肆虐。,用事,掌权
选择,乡饮酒之礼久废，大讷讲而行之。,讲,宣教
翻译,邑大姓怙势杀人，郡守受其财出之，大讷抱案诣府，历指其奸。,怙,依仗
翻译,邑大姓怙势杀人，郡守受其财出之，大讷抱案诣府，历指其奸。,出,释放（使……脱罪）
翻译,邑大姓怙势杀人，郡守受其财出之，大讷抱案诣府，历指其奸。,案,案牍，文书
注释,主修《元史》累官至翰林学士承旨、知制诰。,知制诰,掌管起草皇帝诏令的官职
填空,工词赋，有盛名。,工,擅长、精通、善于
填空,星内惭，讽言官劾之，罢归。,讽,含蓄劝告、暗示
选择,州当楚蜀孔道，悬崖峭壁，径才容足，行者心悸。,孔,通达
选择,课最，擢兵部职方员外，迁郎中。,课,考核
翻译,都谓二寇不相为用，不当急之使合。执政深然之，果次第解去。,急,逼迫（使动用法）
翻译,都谓二寇不相为用，不当急之使合。执政深然之，果次第解去。,然,认为……正确
翻译,都谓二寇不相为用，不当急之使合。执政深然之，果次第解去。,相为用,互相利用
注释,尚书石星欲发兵登陴，都言彼必不为寇，不宜轻动。,陴,城墙
填空,从史为不法，君阴争，不从，则于会肆言以折之,阴争,暗中、私下
填空,会宰相李公镇扬州，首奏起君，君犹卧不应,会,恰逢、正赶上
选择,不从，则于会肆言以折之，从史羞，面颈发赤，抑首伏气，不敢出一语以对,折,责难
选择,从史浸骄，与王承宗、田绪阴相连结，欲效河朔事以固其位,浸,逐渐
翻译,吾所为止于是，不能以有加矣,加,增加、超越
翻译,酒食伎乐之燕不与,燕,通“宴”，宴会
注释,卢从史镇泽潞，辟为书记,辟,征召
填空,会张邈、陈宫以兖州反操，而潜迎吕布。,潜,暗中
填空,宜急分讨陈宫，使虏不得西顾，乘其间而收熟麦,间,机会
选择,自天子蒙尘，将军首唱义兵，徒以山东扰乱，未遑远赴,遑,闲暇
选择,彧曰：‘曹公本兴义兵……不宜如此。’事遂寝。,寝,搁置
翻译,邈使人谲彧曰：‘吕将军来助曹使君击陶谦，宜亟供军实。’,谲,欺骗
翻译,彧知邈有变，即勒兵设备，故邈计不行。,勒,整顿
翻译,邈使人谲彧曰：‘吕将军来助曹使君击陶谦，宜亟供军实。’,军实,军用物资
填空,试书判拔萃，迁秘书丞。,拔萃,突出，超出
填空,仲淹以刺讥大臣，重加谴谪。,刺讥,用尖锐的话指出不足，指责，批评，讥讽
选择,书奏，擢集贤校理。,书奏,进献
选择,今官吏弛事，群盗蜂起，不立法禁，可为国家忧也。,弛事,懈怠
翻译,张昭论将，以鲁肃为粗疏。,粗疏,粗略、疏阔，指做事不细致
翻译,岂损令德？,令,美好
注释,汲黯在廷，以平津为多诈。,多诈,常常欺诈，虚伪狡诈
填空,尚之女适刘湛子黯，而湛与尚之意好不笃。,适,出嫁
填空,凡创制改法，宜顺人情，未有违众矫物而可久也。,矫,违背
选择,尚之察其意趣异常，白文帝：“宜出为广州，若在内衅成，不得不加以铁钺。”,衅,祸乱
选择,时上行幸，还多侵夜，尚之又表谏，上优诏纳之。,侵,临近
翻译,晔事迹未彰，便豫相黜斥，万姓将谓卿等不能容才，以我为信受谗说。,豫,预先
翻译,晔事迹未彰，便豫相黜斥，万姓将谓卿等不能容才，以我为信受谗说。,信,听信
填空,开元中，累迁通州刺史，以强干见称。,累迁,多次升任
填空,然华山陛下本命，王气所在，不可穿凿，臣故不敢上言。,穿凿,开凿、挖掘
选择,适之雅好宾友，饮酒一斗不乱,雅,向来
选择,帝以为爱己，薄适之言疏,薄,轻视
翻译,与李林甫争权不协，适之性疏，为其阴中。,阴中,暗中陷害
注释,李适之：唐太宗曾孙，唐玄宗从弟；唐朝宰相、诗人。,从弟,堂弟
填空,西卿状翁貌，如余十年前所见加少,状,描绘、描述
填空,媪、儿子以余远至，具酒,具,准备
选择,而翁与余别，每劳人问死生,每,常常
选择,视吾家之溘然而尽者，翁殆如千岁人,溘然,突然
翻译,见翁，颀然皙白，延余坐，瀹茗以进，举架上书悉以相赠，殆数百卷,延,邀请
翻译,见翁，颀然皙白，延余坐，瀹茗以进，举架上书悉以相赠，殆数百卷,瀹茗,煮茶
翻译,见翁，颀然皙白，延余坐，瀹茗以进，举架上书悉以相赠，殆数百卷,殆,大概
注释,岁暮，天风憭慄，野草枯黄,憭慄,哀怆凄凉
填空,乔幼敏悟，耽玩文史，以荫授太常寺奉礼郎。,荫,祖上的恩荫/庇荫
填空,今往而见留，则国非己有，悔将何及？,见,被
选择,乔幼敏悟，耽玩文史，以荫授太常寺奉礼郎。,耽玩,专心研习
选择,太祖皇帝遣使召后主入朝，后主欲往，以乔为介。,介,传话者
翻译,及城将陷，后主自为降款，俾乔与世子仲寓开城门纳之。,俾,使、让
翻译,乔遽归府，以款投于承溜。,遽,立即、迅速
注释,以款投于承溜。,承溜,屋檐下承接雨水的槽
填空,都知王守忠以修祭器劳，迁景福殿使，给两使留后奉。,劳,功劳
填空,相先后者士之常，今进其类，则疑为朋党。,进,推荐
选择,杨怀敏以卫卒之乱，犹为副都知……卒出之。,出,贬谪
选择,倘罢尧佐则伤恩，黜言者则累德。,累,损害
翻译,君臣交疑，而欲天下无否塞之患，不可得矣。,交,互相
翻译,君臣交疑，而欲天下无否塞之患，不可得矣。,否塞,闭塞不通（或政令阻滞）
注释,外庭窃议谓将处以二府。,二府,宋代最高行政与军事机构，代指宰相级别的职位
填空,招致诸侯宾客及亡人有罪者，舍业厚遇之，以故倾天下之士。,遇,对待
填空,孟尝君得出，即驰去，更封传，变名姓以出关。,更,改
选择,使人抵昭王幸姬求解。,抵,干谒
选择,遂发传出。,发传,出示凭证
翻译,君独不见夫趣市朝者乎？明旦，侧肩争门而入；日暮之后，过市朝者掉臂而不顾。,趣,奔赴（通“趋”）
翻译,君独不见夫趣市朝者乎？明旦，侧肩争门而入；日暮之后，过市朝者掉臂而不顾。,掉臂,甩动胳膊，形容不屑一顾
注释,客亦有何面目复见文乎？……君独不见夫趣市朝者乎？,市朝,即市场
填空,开大秦山岩梯路，行旅感其惠。,行旅,来往的行人
填空,祚频领牧守，能殖货，所至有田宅，家累万金。,殖货,经营生财牟利（或：增殖财物）
选择,以奉钱募人，开大秦山岩梯路,奉,同“俸”
选择,犹有记其词者，信有之耶？,信,果真
翻译,河中平，得贼中文书，多朝贵与藩相交结语，周祖籍其名，将按之。,平,平定
翻译,河中平，得贼中文书，多朝贵与藩相交结语，周祖籍其名，将按之。,籍,登记
翻译,河中平，得贼中文书，多朝贵与藩相交结语，周祖籍其名，将按之。,按,查办（或：惩治）
注释,溥讽祚求致政，祚意朝廷未之许也。,致政,退休
注释,汉禁止李崧以蜡书与契丹，犹有记其词者,蜡书,封在蜡丸中的文书
填空,安石少好读书，一过目终身不忘。其属文动笔如飞，初若不经意，既成，见者皆服其精妙。,属,撰写、连缀
填空,安石议论高奇，能以辩博济其说，果于自用，慨然有矫世变俗之志。,果,果断、坚决
选择,不至乎倾骇天下之耳目，嚣天下之口，而固已合先王之政矣。,嚣,使哗然
选择,朝廷每欲畀以美官，惟患其不就也。,畀,委任
翻译,罢黜中外老成人几尽，多用门下儇慧少年。久之，以旱引去，洎复相，岁余罢。,儇慧,奸猾而聪明
翻译,罢黜中外老成人几尽，多用门下儇慧少年。久之，以旱引去，洎复相，岁余罢。,洎,等到
注释,后安石当国，其所注措，大抵皆祖此书。,注措,措施
注释,多用门下儇慧少年。,儇,巧佞
填空,先生约其同学曾公良直等诣匦使，三上书论之，不得达，乃伏阙陈情。,论,申诉/辩护/申辩
填空,三上书论之，不得达，乃伏阙陈情。时抚军吴公甡亦直袁，竟得雪...,直,认为……正直
选择,三上书论之，不得达，乃伏阙陈情。,伏阙,跪在宫殿前
选择,蔚州魏公乃以其老病上闻，诏免试，许放还山。,还山,允许回家
翻译,见天下且丧乱，诸号为荐绅先生者，多腐恶不足道，愤之，乃坚苦持气节，不肯少与时媕婀。,媕婀,逢迎、迎合、阿谀奉承
填空,时黄巾寇数州，而北海最为贼冲，卓乃讽三府同举融为北海相。,讽,暗示，婉言告示
填空,贼张饶等群辈二十万众从冀州还，融逆击，为饶所败。,逆,迎，迎接
选择,融陈对罪恶，言无阿挠。,阿挠,屈从
选择,杨赐遣融奉谒贺进，不时通，融即夺谒还府，投劾而去。,谒,名帖
翻译,隐核官僚之贪浊者，将加贬黜，融多举中官亲族。尚书畏迫内宠，召掾属诘责之。,隐,暗中察访
翻译,隐核官僚之贪浊者，将加贬黜，融多举中官亲族。尚书畏迫内宠，召掾属诘责之。,举,检举
翻译,隐核官僚之贪浊者，将加贬黜，融多举中官亲族。尚书畏迫内宠，召掾属诘责之。,迫,被……胁迫
填空,亲于其身为不善者，义所不从。君子见危授命，何乃诱以高位重饵哉？,义,按道义
填空,少为县小吏，年十八，奉檄迎督邮，冉耻之，乃遁去。,遁,逃避
选择,朝廷贪慕名德，旷官缺位，于今七年，四时珍御，不以忘君。,旷,空缺
选择,冉好违时绝俗，为激诡之行。,激诡,矫情立异
翻译,及公孙述僭号，素闻业贤，征之，欲以为博士，业固疾不起。,僭号,非法称帝
翻译,及公孙述僭号，素闻业贤，征之，欲以为博士，业固疾不起。,素,一向
注释,元始中，举明经，除为郎。,明经,通晓儒家经典，汉代选官科目之一
注释,会王莽居摄，业以病去官，杜门不应州郡之命。,居摄,古代帝王年幼，由大臣代行国政
填空,凡属邑赋应输府藏者，邑先为赢羡，资吏干没。,输,送，运送
填空,非朱太守，不能戡此乱！,戡,用武力平定，平定
选择,是时税使横征，课及蔬鲜。,课,征税
选择,尽除其名，复榜为首者数人于市。,榜,击打
翻译,人多直公而薄御史者,直,认为……正直（意动用法）
翻译,人多直公而薄御史者,薄,轻视
注释,邑先为赢羡，资吏干没。,羡,剩余
注释,粤中津要不敢为士子延誉。,延誉,请托
注释,燮元颇右黔将，屡奏于朝。,右,袒护
填空,以洁廉无害，除得任丘尉，执法不挠。,除,授予官职
填空,尽却例金，锱铢无所取，至饔飧不给。,却,拒绝
选择,岁荒，邑多逋赋，坐夺俸。,坐,定罪
选择,吾作官二十年，无分寸遗子孙，慎毋假贷治丧累汝。,遗,遗留
翻译,民闻，更相责让曰：‘吾簿无俸，不馁死耶？’为日夜输纳课，更以最。,馁,饿
翻译,民闻，更相责让曰：‘吾簿无俸，不馁死耶？’为日夜输纳课，更以最。,课,赋税
注释,尽却例金，锱铢无所取，至饔飧不给。,饔飧,饭食
注释,岁荒，邑多逋赋，坐夺俸。,逋,拖欠
填空,即夺其兵，罢所摄,摄,代理
填空,食乏则人散，君闭廪不救，欲溃吾兵耶？,溃,使……溃败
选择,又纵兵剽行人，道路几绝,绝,断绝
选择,诏御史覆视，实增户数倍,覆视,查核
翻译,避之失守，乱自我始，何所逃罪乎？,失守,丧失所守的职责
翻译,避之失守，乱自我始，何所逃罪乎？,自,从
填空,将械送府，恐道亡去，皆斩之。,亡,逃走
填空,民争传可以已疾，诏即其地建祥源观。,即,依着，就着
选择,真宗问：“曙治状与凌策孰愈？”,愈,胜出
选择,以尚书工部员外郎兼侍御史知杂事。,知,掌管
翻译,故得以宽假民,宽假,宽容对待（百姓）
翻译,盗贼窃发,窃,偷偷地，暗中
填空,吏大喜，谓太守暗，易欺,暗,昏昧不明
填空,单门寒士多见振赡,见,受到，被
选择,钟佯不省，左右顾问，惟吏所欲行止,省,明白
选择,未尝缘故谊有所干,干,求取
翻译,会苏州等九府缺，命各部举其属之廉能者补之,会,恰逢，正赶上
翻译,钟用尚书蹇义荐，擢知苏州,擢,提拔
翻译,擢知苏州,知,掌管
注释,豪猾舞文为奸利,舞文,玩弄文字，曲解法律
填空,少习经史大义，尤工楷法，素孝友。,友,对兄弟友爱（或：友爱）
填空,太恭人每夜五鼓辄趣使入朝。,趣,促使（或：催促，通“促”）
选择,公极意承顺，略无靳色。,靳,吝惜
选择,夙闲礼度，奉姑外不敢与姒齿居。,闲,娴熟
翻译,吾生不能给汝，今且死，敢以儿女望汝乎！,给,供养
翻译,吾生不能给汝，今且死，敢以儿女望汝乎！,望,指望
翻译,兄疾革，公问所欲。,疾革,病情危重
填空,肃宗兴师靖难，大收才杰，武杖节赴行在。,靖,平定
填空,母裴不为挺之所答，独厚其妾英。,答,宠爱
翻译,与宰臣元载深相结托，冀其引在同列。事未行，求为方面，复拜成都尹，充剑南节度等使。,结托,结交依附
翻译,与宰臣元载深相结托，冀其引在同列。事未行，求为方面，复拜成都尹，充剑南节度等使。,方面,地方军政长官
填空,炀帝虽爱其才，然疾峭正，弗甚用，为七品十年不徙,疾,嫌怨、厌恶
填空,炀帝为晋王，与秦王俊交辟之,辟,征召
选择,世基佞敏得君，日贵盛，妻妾被服拟王者,拟,相比
选择,恐有冤狱枉系，宜省录累囚,省,审查
翻译,帝然之，于是遣使赈饥民，申挺狱讼，多所原赦,然,认为……正确
翻译,帝然之，于是遣使赈饥民，申挺狱讼，多所原赦,申挺,审理并纠正冤案
填空,异时宗子所过，纵鹰犬暴民田，入襄城境，辄相戒约，毋敢纵者。,暴,践踏、破坏
填空,因构狱以危法中之，中立自经死。,中,陷害、中伤
选择,宦官过者衔之，或中夜叩县门，索牛驾车，育拒不应。,衔,记恨
选择,议者请覃恩，且优赐军士。,覃,推广
翻译,时方锐意讨之，既而诸将多覆军者，久之无功，卒封元昊为夏国主。,锐意,坚决地、意志坚定地
翻译,时方锐意讨之，既而诸将多覆军者，久之无功，卒封元昊为夏国主。,覆军,全军覆没
注释,元昊僣号，议出兵讨之。,僣号,越分称帝，冒用帝号
填空,先生与兄斯大皆师事之,师,像对待老师一样
填空,始而周其堂寝匽湢,周,走遍/环绕
选择,乃延主其家，以刊修委之,主,居住
选择,而在今则事之信尤难，盖俗之偷久矣,偷,苟且马虎
翻译,唯恐众人分操割裂，使一代治乱贤奸之迹暗昧而不明耳,分操割裂,分别执掌而导致内容割裂
翻译,使一代治乱贤奸之迹暗昧而不明耳,暗昧,模糊不清；昏暗不明
注释,始而周其堂寝匽湢,匽湢,储污水的坑池和浴室
注释,野史因有逊国出亡之说,逊国,把国家的统治地位让给别人
注释,以至燕王称兵犯阙,犯阙,攻打皇宫；进攻京城
填空,河西节度哥舒翰见而异之，表为左骁卫兵曹,表,上表推荐
填空,以功名自许,许,期许
选择,少濩落，不事生业，家贫，客于梁、宋，以求丐取给,生业,产业
选择,年过五十始留意诗什，数年之间，体格渐变，以气质自高,体格,体裁格调
翻译,适切谏不可,切,极力
翻译,肃宗闻其论谏有素,有素,一向具有（某种才能或名声）
填空,甫试毕，乞致仕。,甫,刚
填空,对客谈笑，竟日忘疲，不知其老之将至。,竟日,整日、一整天
选择,亦绝不露纤毫抵牾之迹。,抵牾,抵触
选择,我将藉手以徼地下光。,藉,借助
翻译,客以笺扇求者，其父见辄擘碎之，使专精本业。,擘,用手撕碎
翻译,自此试辄冠军。,辄,总是、就
注释,福王时，谥文敏。,文敏,博学聪敏，敏而有德
填空,永乐五年九月，帝以天下财赋多不理，而江南为甚，思得才力重臣往厘之。,理,治理得好
填空,始至，召父老问逋税故。皆言豪户不肯加耗，并征之细民，民贫逃亡，而税额益缺。,逋,拖欠
选择,忱一切治以简易，告讦者辄不省。或面讦忱：‘公不及胡公。’忱笑曰：‘胡卿敕旨，在祛除民害；朝廷命我，但云安抚军民。’,省,理会
选择,胡卿敕旨，在祛除民害；朝廷命我，但云安抚军民。委寄正不同耳。,正,道理
翻译,又请敕工部颁铁斛，下诸县准式，革粮长之大入小出者。,敕,皇帝下令
翻译,又请敕工部颁铁斛，下诸县准式，革粮长之大入小出者。,革,革除
注释,民益思忱不已，即生祠处处祀之。,生祠,为活着的人建立的祠堂，用以祭祀，表达爱戴
填空,祖俊卿，坐事戍河州,坐,犯罪（因……获罪）
填空,孛来寇庄浪，都督冯宗等出讨,寇,侵犯（侵略、进犯）
选择,凤阳、淮安、徐州大水，道殣相望,殣,饿死
选择,脱有变，当先斩若，然后自请死耳,脱,倘若
翻译,请仍易米备振,易,换、交换
翻译,备振,振,通“赈”，赈济
注释,捽顺发呼曰：“若曹奸党，罪当诛……”,捽,揪、抓
注释,帝遣尚书沈翼赍帑金三万两往振,赍,携带、送
填空,太宗为之敛容，擢拜谏议大夫,拜,授官
填空,数引之卧内，访以政术,访,请教
选择,征雅有经国之才，性又抗直，无所屈挠,雅,平素
选择,古之名臣，何以加也,加,超过
翻译,但陛下使人遗之而受，乃陷人于法也，恐非所谓“道之以德，齐之以礼”,遗,赠送（此处指故意馈赠以试探）
翻译,但陛下使人遗之而受，乃陷人于法也，恐非所谓“道之以德，齐之以礼”,陷,使……陷入（罪法）
填空,梨园以技鸣者，无论数十辈，而其最著者二：曰兴化部，曰华林部。,鸣,闻名/出名
填空,迨半奏，引商刻羽，抗坠疾徐，并称善也。当两相国论河套，而西肆之为严嵩相国者曰李伶，东肆则马伶。已而论河套，马伶复为严嵩相国以出，李伶忽失声，匍匐前称弟子。,已而,不久/继而
选择,一日，新安贾合两部为大会，遍征金陵之贵客文人，与夫妖姬静女，莫不毕集。,征,邀请
选择,遍告其故侣，请于新安贾曰：“今日幸为开宴，招前日宾客，愿与华林部更奏《鸣凤》，奉一日欢。”,幸,希望
翻译,既去，而兴化部又不肯辄以易之，乃竟辍其技不奏，而华林部独著。,辄,立即、就
翻译,既去，而兴化部又不肯辄以易之，乃竟辍其技不奏，而华林部独著。,易,替换
翻译,既去，而兴化部又不肯辄以易之，乃竟辍其技不奏，而华林部独著。,辍,停止
填空,宰相以公善为文，任翰林之选闻，召见，拜秘书省校书郎,闻,向皇帝报告
填空,先皇帝时，兵部侍郎李涵如回纥，诏公兼侍御史，为涵判官,如,到，前往
选择,三年出入左右，天子以为谨愿,愿,诚实
选择,尔之马岁至，吾数皮而归资。边吏请致诘也，天子念尔有劳，故下诏禁侵犯,致诘,查问
翻译,诸戎畏我大国之尔与也，莫敢校焉,与,支持
翻译,诸戎畏我大国之尔与也，莫敢校焉,校,抗衡，对抗
填空,臣凤不宜久处庆忌之右,右,上
填空,夫将不豫设，则亡以应卒,卒,突发事件
选择,坐子杀赵氏，左迁酒泉太守,坐,因……获罪
选择,行义修正，柔毅敦厚，谋虑深远,修,遵循
翻译,加以兵革久寝，《春秋》大灾未至而豫御之，庆忌宜在爪牙官以备不虞,寝,停止
翻译,加以兵革久寝，《春秋》大灾未至而豫御之，庆忌宜在爪牙官以备不虞,豫,预先
翻译,加以兵革久寝，《春秋》大灾未至而豫御之，庆忌宜在爪牙官以备不虞,不虞,意料不到的祸患
注释,故贤人立朝，折冲厌难，胜于亡形。,折冲厌难,能压服困难，抵御灾祸
填空,康熙十三年，耿精忠反，悉纵系者，令赴藩下授职。,纵,释放
填空,慰劳甚至，超授陕西神木营副将。,超,提拔、擢升，或越等（授官）
选择,提督施琅征台湾，知理英勇，奏署右营游击领舟师，部议格之，特旨允行。,格,阻止
选择,上念其旧功，终矜全之。,矜,怜惜
翻译,蓝理击杀海寇卢质，诣吏，欲因以为功。,诣,到（多指到尊长或上级处）
填空,性刚才拙，与物多忤,忤,违背
填空,败絮自拥，何惭儿子,拥,穿
选择,日月遂往，机巧好疏,疏,很生疏
选择,兄弟同居，至于没齿,没齿,终生到老
翻译,渐就衰损,就,趋向、接近
翻译,亲旧不遗,遗,抛弃
翻译,自恐大分将有限也,大分,寿命、自然的命数
注释,四友之人亲受音旨，发斯谈者，将非穷达不可妄求，寿夭永无外请故耶？,四友,孔子的四位弟子颜回、子贡、子路、子张
注释,但恨邻靡二仲，室无莱妇，抱兹苦心，良独罔罔。,二仲,汉代隐士羊仲、求仲，代指高洁隐士
注释,但恨邻靡二仲，室无莱妇，抱兹苦心，良独罔罔。,莱妇,春秋时老莱子的妻子，劝夫隐居，象征贤德安贫之妇
填空,乡人赵氏子以材称，凝耻居其下，因挟弓与角胜负，约筑土百步射之。凝一发洞过，矢激十许步，抵大树而止，观者叹服。,洞,贯穿，穿过
填空,明年，契丹兵大至，车驾幸大名，凝与范廷召于莫州东分据要害，断其归路。,幸,皇帝驾临，皇帝到某地去
选择,时王超为总帅，以大兵顿中山，朝议择凝与魏能、田敏、杨延昭分握精骑，俟契丹至，则深入以牵其势。,顿,屯驻
选择,上以本设奇兵挠敌之心腹，若复取裁大将，则无以责效，乃令凝等不受超节度。,责,求取
翻译,乡人赵氏子以材称，凝耻居其下，因挟弓与角胜负，约筑土百步射之。,耻,以……为耻
翻译,乡人赵氏子以材称，凝耻居其下，因挟弓与角胜负，约筑土百步射之。,角,较量，比试
注释,转运使刘综惧飞輓不给，问计于凝。,飞輓,迅速运送粮草
填空,孝文帝说之，超迁，一岁中至太中大夫。,超迁,越级、破格
填空,乃短贾生曰：“洛阳之人年少初学，专欲擅权，纷乱诸事。”,擅,独揽
选择,谊具道所以然之故。至夜半，文帝前席。既罢，曰：“吾久不见贾生，自以为过之，今不及也。”乃拜谊为梁怀王太傅。,过,超过
选择,谦让未遑也。,遑,空暇
选择,诸侯王僣拟，地过古制，淮南、济北王皆为逆诛。,僣,越分
翻译,夫抱火厝之积薪之下而寝其上，火未及燃，因谓之安，方今之势，何以异此！,厝,放置
填空,子告曰：‘一袍坏，复制一袍，可也，夫人何重乃尔？’母阳为自解，遂起受子孙拜贺，如常岁仪。,阳,装作
填空,人咸以此为贤母，而益见万户之孝。,贤,认为……贤德（或：以……为贤）
选择,母诞日垂至，预市文绣毯段，制袍为寿。,垂,将要
选择,国朝妇人礼服，鞑靼曰袍，汉人日团衫，南人日大衣。无贵贱皆如之，服章②但有金素之别耳。惟处子则不得衣焉。,处子,未出嫁女子
翻译,时估贵重，工莫能偿，自经不死，邻妇有识其母者，潜送入白之。,估,价格
翻译,时估贵重，工莫能偿，自经不死，邻妇有识其母者，潜送入白之。,自经,上吊自杀
翻译,时估贵重，工莫能偿，自经不死，邻妇有识其母者，潜送入白之。,白,告诉
注释,无贵贱皆如之，服章但有金素之别耳。,服章,指服饰上的纹饰或等级标志，用以区分身份
注释,然俗谓男子布衫曰布袍，则凡上盖之服或可概曰袍。,上盖之服,外衣、罩衣
填空,诸曹白事，不敢平面视,白,禀告、报告
填空,改河南令而河南尹适君平生所不好者,适,恰好
选择,惟恐不及事被罪,被,遭受
选择,君独疏，言“治迫岭下，民不识蚕桑”。,迫,接近
翻译,守法争议，棘棘不阿,棘棘,刚直的样子
填空,寻除陇右十州大都督、秦州刺史。,除,被授予官职
填空,政令乖方，民有冤讼,乖,违背
选择,信以同谋坐免,坐,株连受罚
选择,魏孝武雅相委任,雅,甚，很
选择,以陇右形胜,以,因为
翻译,及信在州，事无壅滞。示以礼教，劝以耕桑，数年之中，公私富实。流民愿附者数万家。,壅滞,积压，阻塞
翻译,及信在州，事无壅滞。示以礼教，劝以耕桑，数年之中，公私富实。流民愿附者数万家。,劝,鼓励（从事耕种和养蚕）
翻译,及信在州，事无壅滞。示以礼教，劝以耕桑，数年之中，公私富实。流民愿附者数万家。,附,归附
填空,宜复其官爵，禄其子孙,禄,授予……俸禄
填空,上知之茂尝毁浩,毁,诋毁，说坏话
选择,十朋亦疏史正志朋比，并及浩,朋比,依附勾结
选择,军人怙众，因夺民财,怙,依仗
翻译,始衅者军人也，军法从事固当。若市人特与抗斗尔，可同罚乎？,衅,争端，挑衅
翻译,始衅者军人也，军法从事固当。若市人特与抗斗尔，可同罚乎？,特……尔,只是……罢了
注释,请扈跸以供子职,扈跸,随侍、护卫皇帝出行
填空,从革初不听，卒论奏，诏如立议。,如,按照
填空,募富人出谷十万余石振饿者，所全活者甚众。,振,赈济
选择,役兵辇官物，道险，乃率众钱，佣舟载归。,率,聚集
选择,告老，进尚书工部侍郎致仕，卒。,致仕,归还
翻译,立计其用有余，而下户未输者尚二百万，悉奏弛之。,下户,贫苦人家
翻译,立计其用有余，而下户未输者尚二百万，悉奏弛之。,弛,免除（或：缓征）
注释,调民出刍楗，命立提举受纳。,刍楗,堵塞河堤决口所用的草把等材料
填空,举姿貌短陋，而博学洽闻，为儒者所宗，故京师为之语曰：“《五经》纵横周宣光。”,宗,尊崇
填空,如从禅议，后世归咎明公。宜密表朝廷，令奉太后……,咎,过失，罪过
选择,宜密表朝廷，令奉太后，率厉群臣，朝觐如旧……,率厉,激励，勉励
选择,以厌天心，以答人望。,厌,通“餍”，满足
翻译,举既到州，乃作吊书以置子推之庙，言盛冬去火，残损民命，非贤者之意，以宣示愚民，使还温食。,既,已经
翻译,举既到州，乃作吊书以置子推之庙，言盛冬去火，残损民命，非贤者之意，以宣示愚民，使还温食。,乃,于是，就
注释,太原一郡，旧俗以介子推焚骸，有龙忌之禁。至其亡月，咸言神灵不乐举火，由是士民每冬中辄一月寒食，莫敢烟爨，老小不堪，岁多死者。,龙忌之禁,指因鬼神忌日而禁火的风俗，此处特指冬日禁火寒食的旧俗
填空,皇考与道济无素故,素故,向来，平素
填空,彭城王义康秉政,秉政,主持，掌握（执掌）
选择,相拒四十余日,拒,抵御
选择,虏疑有伏兵，遂引去,引,退却
翻译,今日悬守穷城，事已危急，若复示弱，必为所屠，惟当见强待之耳,悬,孤立无援
翻译,今日悬守穷城，事已危急，若复示弱，必为所屠，惟当见强待之耳,穷,处境困厄，资源枯竭
翻译,今日悬守穷城，事已危急，若复示弱，必为所屠，惟当见强待之耳,见强,表现得强大（或：装出强大的样子）
注释,皇考讳承之，字嗣伯,考,已死的父亲
填空,忤提刑意，提刑初欲荐积，因是已之。,忤,违背、触犯
填空,商人物色至蔡邸，见其牓，急往访积。,物色,寻找
选择,民以银铜入官，官负其直，以故废业。,负,亏欠
选择,商，吾故人也。脱复至，幸嘱来上庠相访。,脱,如果
翻译,安福为江西剧邑，折讼日数百纸，无留狱。,知,担任（知县）
翻译,安福为江西剧邑，折讼日数百纸，无留狱。,剧邑,政务繁重的大县
翻译,安福为江西剧邑，折讼日数百纸，无留狱。,折讼,审理诉讼案件
填空,贼见其小，壮其志，笑曰：“童子内刀。”遂舍之而去。,内,收起，放入
填空,晖好节概，有所拔用，皆厉行士。,拔,选拔，提拔
选择,强直自遂，南阳朱季。,遂,前进
选择,乡党讥其介。,介,孤傲
翻译,晖刚于为吏，见忌于上，所在多被劾。自去临淮，屏居野泽，布衣蔬食。,见,被
翻译,晖刚于为吏，见忌于上，所在多被劾。自去临淮，屏居野泽，布衣蔬食。,屏,隐退，隐居
填空,华性孝，士论多之,多,赞美
填空,宁王袭下九江、南康，薄安庆,薄,逼近
选择,华有器度，孝宗甚眷之,眷,器重
选择,治器械舟楫,治,置办
翻译,守仁病甚，疏乞骸骨,乞骸骨,请求辞官回乡养老（或：自请退职）
注释,逆击之湖中，蔑不胜矣,蔑,无
注释,宸濠舟胶浅，仓卒易舟遁,胶浅,搁浅
注释,谪龙场，穷荒无书，日绎旧闻,绎,寻究、推演（或：研究）
注释,学者翕然从之,翕然,一致（或：纷纷地、一致地）
填空,此敕既非急，宣可以少驻。,驻,停、缓
填空,孟容吏收捕械系，克日命还之。,克,约定、限定
选择,事虽不行，物议嘉之。,物议,公众的评论
选择,不及期当死。,当,判罪
翻译,孟容举令式不许。公主诉于上，命中使问状。孟容执奏，竟得迁本曹郎中。,举,依据、援引
翻译,孟容举令式不许。公主诉于上，命中使问状。孟容执奏，竟得迁本曹郎中。,执奏,坚持上奏
注释,更择宪官一人，再令验察。,宪官,掌管监察出巡的官员
填空,希烈遽以身蔽之，麾众令退，馆真卿而礼之。,麾,指挥
填空,希烈遽以身蔽之，麾众令退，馆真卿而礼之。,馆,安排住宿（或：使……住下）
选择,死生已定，何必多端！亟以一剑相与，岂不快公心事邪！,相与,给我
选择,真卿与其子书，但敕以“奉家庙、抚诸孤”而已。,敕,告诫
翻译,希烈年少骁将，恃功骄慢，将佐莫敢谏止；诚得儒雅重臣，奉宣圣泽，为陈逆顺祸福，希烈必革心悔过，可不劳军旅而服。,恃,依仗
翻译,希烈年少骁将，恃功骄慢，将佐莫敢谏止；诚得儒雅重臣，奉宣圣泽，为陈逆顺祸福，希烈必革心悔过，可不劳军旅而服。,诚,如果（或：果真）
翻译,希烈年少骁将，恃功骄慢，将佐莫敢谏止；诚得儒雅重臣，奉宣圣泽，为陈逆顺祸福，希烈必革心悔过，可不劳军旅而服。,劳,使……劳苦（使动用法）
注释,希烈使人以其节及俘馘示颜真卿,馘,被割下的左耳（古代战争中用以记功）
填空,少有俊才。雅好为文，躁于进取，颇自矜伐，端士鄙之。,自矜伐,自夸
填空,图以文谒之，大为凝所赏叹。,谒,拜见、进见
选择,图愤愤谢病，复归中条，与人书疏，不名官位。,谢病,辞官
选择,图见唐政多僻，中官用事，知天下必乱。,用事,执政
翻译,河中士人依图避难，获全者甚众。梁祖受禅，以礼部尚书征，辞以老病。,依,依附
翻译,河中士人依图避难，获全者甚众。梁祖受禅，以礼部尚书征，辞以老病。,全,保全
翻译,河中士人依图避难，获全者甚众。梁祖受禅，以礼部尚书征，辞以老病。,辞,推辞
填空,后寓居长安西郭，藩臬诸公造之，食以蔬粝，无弗饱者,造,到……去；造访、拜访
填空,当时民歌之曰：“先有子游，后有姚公，学道爱人，同一古风。”,歌,编歌、赞美
选择,令齐东、武城二县祀名宦，循政详山东通志中,详,全、整个（指详细完整地记载）
选择,故介庵以理学鸣关中,鸣,著称、闻名
翻译,彼虚矫恃气者，视先生当赧然愧矣,赧然,因羞愧而脸红的样子
填空,比至京，已斑白矣,比,等到
填空,若以为窥伺中华，以待风尘之警，失之远矣,窥伺,暗中观察，觊觎
选择,往时予游京师，會与卜邻，果异人也,卜邻,选择邻居
选择,途经天津，为税监马堂所谁何，尽留其未名之宝,谁何,盘问
翻译,礼部以所称大西洋，为《会典》所不载，难上客部久贡诸夷，姑量赏遣还。上不听，俾丛便僦居,僦,租赁
注释,其国名欧罗巴，去中国不知几千万里，今琐里诸国，亦称西洋，与中国附近，列于职贡，而实非也,西洋,当时将南海以西沿海各地统称为“西洋”
填空,既而阅实俱无验，铸察其冤，白之桧。,既而,不久
填空,逮飞系大理狱，先命铸鞫之。,系,拘囚、关押
选择,托名以规利,规,谋取
选择,慢易无礼者,慢易,轻慢
翻译,桧讽万俟卨，使论铸私岳飞为不反，欲窜诸岭表，帝不从，止谪徽州。,讽,暗示
翻译,桧讽万俟卨，使论铸私岳飞为不反，欲窜诸岭表，帝不从，止谪徽州。,私,偏袒
翻译,桧讽万俟卨，使论铸私岳飞为不反，欲窜诸岭表，帝不从，止谪徽州。,窜,流放
填空,时隋婴孺，逮长，知父执吐蕃，日夜号泣,逮,到，等到
填空,韦夏卿高其节，辟置东都幕府,高,敬重
选择,李锜欲困辱之，使知市事，隋怡然坐肆，不为屈,肆,店铺
选择,宦竖不喜，訾其非实，帝诏隋刊正,訾,诋毁
翻译,且愈所书已非自出，元和以来，相循逮今，无害公谊。请条示甚谬误者，付史官刊定,刊定,修改审定
注释,德宗出奉天，弃妻子奔行在，扈狩梁州,行在,天子所在的地方，或专指天子巡行所到之处
填空,歙徐杖节就车而去,杖,手持
填空,及往来游说，皆可案复,案,同‘按’，考查、审察
选择,部勒兵，将杀歙,勒,统率
选择,乃发屋断木以为兵,发,拆掉
翻译,国家以君知臧否，晓废兴,臧否,善恶得失
翻译,足下遣子委质，是臣主之交信也,委质,归顺、投靠的信物；表示臣服
注释,故久冘豫不决,冘豫,犹豫
填空,项庄拔剑起舞，项伯亦拔剑起舞，常以身翼蔽沛公，庄不得击。,翼,像翅膀一样
填空,夫秦王有虎狼之心，杀人如不能举，刑人如恐不胜，天下皆叛之。,举,尽
选择,沛公旦日从百余骑来见项王，至鸿门，谢曰：“臣与将军戮力而攻秦……”,从,使……跟从
选择,怀王与诸将约曰：‘先破秦入咸阳者王之。’,王,以……为王
翻译,臣与将军戮力而攻秦，将军战河北，臣战河南，然不自意能先入关破秦。,戮力,合力
翻译,臣与将军戮力而攻秦，将军战河北，臣战河南，然不自意能先入关破秦。,河,黄河
翻译,臣与将军戮力而攻秦，将军战河北，臣战河南，然不自意能先入关破秦。,意,料想
填空,夫兵诡道也，军事未发，不厌其密。,不厌其密,厌：通“餍”，满足
填空,巧诈不如拙谈，信矣!,信矣,信：真实，确实（或“的确”）
选择,常恐眯梦漏泄以益臣罪,益,增加
选择,子诚直臣,直,正直
翻译,以晔之明智权计，若居之以德义，行之以忠信,居,居：秉持，坚守
翻译,以晔之明智权计，若居之以德义，行之以忠信,权计,权计：权术与谋略
填空,遗诏务从俭约，岂有土不产而可强赋乎？,从,采取、遵从
填空,时至刻临，则司辰出告。,临,到
选择,初火时，郡人汹汹，唱使者有变，救兵亦欲因而生事，赖颂安静而止。,汹汹,骚乱不宁
选择,颂既邃于律历，以吏部令史韩公廉晓算术，有巧思，奏用之。,邃,精通
翻译,吾释汝，使汝营生，奉衣食之余，悉以偿官，期以岁月而足，可乎？,营生,谋生、从事生产活动
翻译,吾释汝，使汝营生，奉衣食之余，悉以偿官，期以岁月而足，可乎？,期,约定时间、期望在……内完成
填空,玄率东莞太守高衡、后军将军何谦次于泗口，欲遣间使报逯，令知救至，其道无由。,次,驻扎
填空,及苻坚自率兵次于项城，众号百万。诏以玄为前锋，众凡八万。,号,号称
选择,少颖悟，与从兄朗俱为叔父安所器重。及长，有经国才略，屡辟不起。,辟,征召
选择,乃没水潜行，将趣城，为贼所获。,趣,通“趋”
翻译,诏玄发三州人丁，遣彭城内史何谦游军淮泗，以为形援。,发,征发
翻译,诏玄发三州人丁，遣彭城内史何谦游军淮泗，以为形援。,形援,形成军事上的声援或呼应
填空,官属皆欲附王郎，宠不能夺,夺,裁定（或决定取舍）
填空,使人召之，为具食，问以所闻刘公事,具,备办
选择,家贫，给事县为亭长,给事,供职
选择,汉性强力，每从征伐，帝未安，恒侧足而立,强力,坚忍有毅力
翻译,即诈为光武书，移檄渔阳，使生赍以诣宠，令具以所闻说之，汉复随后入,诈,伪造
翻译,即诈为光武书，移檄渔阳，使生赍以诣宠，令具以所闻说之，汉复随后入,赍,携带
翻译,即诈为光武书，移檄渔阳，使生赍以诣宠，令具以所闻说之，汉复随后入,具,详细地
填空,公不甚识字，而遇文人甚敬,遇,对待
填空,又奴婢首主人藏铜器者，许脫籍，治其主人之罪,首,告发（或揭发、检举）
选择,亲王某属每金千加平十两，公不可。强之，则舁柜置户部东瘤下,强之,强迫
选择,公为政一切听从民便，歌舞太平，诱掖而张皇之,张皇,扩大，壮大
翻译,远近村氓以为公复来抚浙也，额手迎者蚁屯数十里，欢声殷天,额手,以手加额，表示敬慕或庆幸
翻译,远近村氓以为公复来抚浙也，额手迎者蚁屯数十里，欢声殷天,殷,震动
注释,遇忠贤屈抑，佥壬肆志，辄呜咽愤骂,佥壬,小人、奸人
填空,请凡官所须，具成数，毋容使者妄索,妄,胡乱
填空,召十人者至，械送阙下,械,戴上刑具
选择,门下少年多易之,易,轻视
选择,以礼部侍郎致仕,致仕,退休
翻译,且已僣舆服，势必不能自削，宜援国初江南故事，稍易其名，可以顺拊而收之,僭,超越本分，冒用尊号
翻译,且已僣舆服，势必不能自削，宜援国初江南故事，稍易其名，可以顺拊而收之,故事,旧例，先例
翻译,且已僣舆服，势必不能自削，宜援国初江南故事，稍易其名，可以顺拊而收之,援,引用，援引
注释,异时宗子所过，纵鹰犬暴民田,宗子,宗室子弟
填空,如致仕尚书李秉，在籍修撰罗伦、编修张元祯、新会举人陈献章皆当世人望，宜召还秉等，而置献章台谏。,致仕,官员退休
填空,江直党韦瑛夜帅逻卒入兵部郎中杨士伟家，缚士伟，考掠及其妻子。,考,同“拷”，拷打
选择,愿引儒臣赐坐便殿，从容咨论，仰发圣聪。,引,D．延请
选择,尝与守备中官争事，为所劾，事卒得直。,直,B．伸雪
翻译,刘吉父丧起复，音贻书劝其固辞，吉不悦。后吏部拟用音，吉辄阻之曰“腐儒”，以故十年不得调。,贻,赠送，此处指写信送给
翻译,刘吉父丧起复，音贻书劝其固辞，吉不悦。后吏部拟用音，吉辄阻之曰“腐儒”，以故十年不得调。,起复,指官员在守丧期间被重新起用
填空,其树外门，侵官道，长孺亟命撤之,亟,急忙
填空,永嘉民有弟质珠步摇于兄者,质,抵押
选择,兄妻爱之，绐以亡于盗,绐,欺骗
选择,趣持至验之,趣,催促
翻译,长孺至，岩中人突出要之,要,拦截、劫持
翻译,俾尽逮其党置于法,俾,使、让
翻译,夜行无虞,虞,忧虑、担忧
注释,长孺察其有干没意,干没,侵吞、占有
注释,长孺嗾盗诬兄受步摇为脏,嗾,教唆，指使
填空,会丞相文天祥开府延平，长揖军门，署咨事参军，声动梁、楚间,会,适逢、恰巧
填空,徒以被天祥之知,知,了解、赏识
选择,酹毕，号而恸者三，复再拜,号,哭喊
选择,翱不负天祥，肯背国哉？,负,辜负
翻译,每语人曰：'用志不分，鬼神将通之。',通,沟通、感应（鬼神会给予灵感）
注释,云岚草木与所别处及其时、号相类,号,名称
填空,恤宗族，厚乡里，能嗣其家风。,嗣,继承
填空,设立规条，事举而为利溥。,举,成功
选择,而不牖于时文之卑陋,牖,诱导
选择,求经济之用，自厉气节,经济,治理国家
翻译,年十九而父婴风疾，两兄适客游，君侍疾左右，及经理家事，称为贤孝。,婴,被……缠绕，遭受（疾病）
翻译,年十九而父婴风疾，两兄适客游，君侍疾左右，及经理家事，称为贤孝。,经理,经营治理（家事）
注释,君率众出粟平粜，设立规条，事举而为利溥。,平粜,遇到荒年，官府按平常价格卖出粮食
注释,事举而为利溥,溥,广大
填空,"司业、祭酒撰次蕃之群行焯焯者数十余事",撰次,按次序编排/整理
填空,"蕃之力不任其体，其貌不任其心",任,承担/承受
选择,"以之升于礼部，而以闻于天子",升,上报
选择,"太学诸生举将从之，来请起蕃",起,发动
翻译,"哀其孤而字焉",字,养育
翻译,"惠之大小必以力复",复,报答
翻译,"诸生不为非义",义,道义
填空,矫捷精悍，常陷坚,陷坚,攻破、占领
填空,君志大，言大，何藉吾等,藉,依靠
选择,土蛮拥众十万寇永平、滦州，部兵千人往援,部,率领
选择,虏虽众，抄虏骈衍佖路，以我易与,易与,对付
翻译,虏以数骑尝我，臣手刃之。虏骇，折北不收。追至棒槌崖，斩首百有奇，尽还所略,尝,试探
翻译,虏以数骑尝我，臣手刃之。虏骇，折北不收。追至棒槌崖，斩首百有奇，尽还所略,手刃,亲手杀
翻译,虏以数骑尝我，臣手刃之。虏骇，折北不收。追至棒槌崖，斩首百有奇，尽还所略,略,掠夺
填空,又数数目公，顾谓侍臣言：“若严公者，真福人矣。”,顾,回头
填空,公为之合散亡，业单贫，举丧葬，助婚嫁，多求而不靳，屡至而不厌。,业,使……就业
选择,东平行台调民为兵，以公为众所伏，署百夫长。,署,委任
选择,多求而不靳，屡至而不厌。,靳,吝惜
翻译,是冬大饥，俘虏北渡者多饿死，藏亡法严，犯者一村皆坐，逃亡累累，无所于托，僵尸蔽野。,藏,藏匿
翻译,是冬大饥，俘虏北渡者多饿死，藏亡法严，犯者一村皆坐，逃亡累累，无所于托，僵尸蔽野。,蔽,遮蔽
填空,仁肇率敢死士千人，以舟实薪刍，乘风举火焚桥。,实,装满
填空,连年出兵，灭蜀，平荆湖，今又取岭表，往返数千里，师旅罢敝,罢,通“疲”，疲惫
选择,时皇甫继勋、朱令赟掌兵柄，忌仁肇雄略，谋有以中之。,中,伤害
选择,后主方任继勋等，惑其言，使人持鸩往毒之。,惑,迷惑
翻译,会朝贡使自京师回，使使言仁肇密通中朝，见其画像于禁中，且已为筑大第，以待其至。,会,恰逢
翻译,会朝贡使自京师回，使使言仁肇密通中朝，见其画像于禁中，且已为筑大第，以待其至。,使使,派遣使者
翻译,会朝贡使自京师回，使使言仁肇密通中朝，见其画像于禁中，且已为筑大第，以待其至。,为,替
注释,国势如此，而杀忠臣，吾不知所税驾也！,税驾,归宿
填空,乃乘扁舟浮于江湖,浮,漂泊，飘荡
填空,间献遗戎王,间,暗中，悄悄地，秘密地
选择,子孙修业而息之,修,继承
选择,能薄饮食，忍嗜欲,薄,清淡
翻译,清，寡妇也，能守其业，用财自卫，不见侵犯。秦皇帝以为贞妇而客之，为筑女怀清台。,守,守住，继承并维持（家业）
翻译,清，寡妇也，能守其业，用财自卫，不见侵犯。秦皇帝以为贞妇而客之，为筑女怀清台。,见,被（表被动）
翻译,清，寡妇也，能守其业，用财自卫，不见侵犯。秦皇帝以为贞妇而客之，为筑女怀清台。,客,以客礼相待（名词作动词）
注释,畜至用谷量马牛,谷,山谷
注释,再分散与贫交疏昆弟,疏,远亲的，非亲近的
注释,家亦不訾,訾,估量，计算
填空,用捕内监事落职。民泣吁巡抚保留。,用,因为
填空,威宁与乌蒙、镇雄邻，二府夷人不靖。,靖,安定
选择,上任君威宁，责望重，君知之乎？,任君,皇帝任命
选择,凡三十三日而兵罢。,兵罢,停止
翻译,上曰：“信如是，良吏也。”,信,确实、真的
翻译,数日，擢威宁知府。,擢,提拔
翻译,召见，温语嘉奖。,温语,温和地说话（或：温和的话语）
填空,"昌从玄佐以浙西兵三万救之。西去陈五十里，昌薄其军，大战破之，禽贼将翟曜，希烈奔还蔡州。",薄,接近，靠近，逼近
填空,"又西筑保定，捍青石岭，凡七城二堡，旬日就。",就,完成
选择,"昌乃被铠登城，以忠义谕贼，贼畏不敢攻。",谕,教导
选择,"士卒有逗留沮事者，斩三百人乃行，举军慑伏。",沮,败坏
翻译,"城平凉，当劫盟后，将士骸骨不藏，昌始命瘗之。夕梦若诣昌厚谢者，昌具以闻。",城,筑城
翻译,"城平凉，当劫盟后，将士骸骨不藏，昌始命瘗之。夕梦若诣昌厚谢者，昌具以闻。",瘗,掩埋
翻译,"城平凉，当劫盟后，将士骸骨不藏，昌始命瘗之。夕梦若诣昌厚谢者，昌具以闻。",闻,上报（使……知道）
注释,"出衣数百称，官为赛具",赛具,祭祀用的酒肴与食器
填空,公亮明练文法，更践久，习知朝廷台阁典宪，首相韩琦每咨访焉。,习知,熟悉
填空,英宗即位，加中书侍郎兼礼部尚书，寻加户部尚书。,寻,不久
选择,遂下有司议，比劫禁物法，盗得不死。,比,比照
选择,帝不豫，辽使至不能见，命公亮宴于馆，使者不肯赴。,不豫,安适
翻译,初荐王安石，及同辅政，知上方向之，阴为子孙计，凡更张庶事，一切听顺，而外若不与之者。,阴,暗中
翻译,初荐王安石，及同辅政，知上方向之，阴为子孙计，凡更张庶事，一切听顺，而外若不与之者。,更张,变更、改革
翻译,初荐王安石，及同辅政，知上方向之，阴为子孙计，凡更张庶事，一切听顺，而外若不与之者。,外,外表上
注释,旋以太傅致仕，元丰元年卒，年八十。,致仕,交还官职，退休
填空,"臣所以莅之以威严，节之以宪纲，欲渐加训导，使知分限。",节,约束
填空,"而恶直丑正，实繁有徒，故讼臣无恩，称孤之美。",徒,徒众、同伙
选择,"出为平东将军、怀荒镇大将。",出,调出京城任职
选择,"世祖疑谓不实，切责之，以公归第。",切,严厉
翻译,"既至，怀柔羌戎，莫不归附。追讨崖等，皆获之。征还，拜散骑常侍。",怀柔,安抚、笼络
注释,"诸高车莫弗讼俟严急，待下无恩，还请前镇将郎孤。",莫弗,部落首领的称号
填空,遂得精兵万余，置官吏，立排甲，具器仗。谕曰：“我祖宗艰难创业……”,谕,告知，晓谕
填空,其后嗣君耽乐无厌，不恤国政，盗贼蜂起，天下土崩。,耽,沉迷
选择,惟尔众亦有轸我国家，忧我社稷，思共救君父，济生民于难者乎？,轸,B. 痛惜
选择,行万余里无所得，牛马多死，勒兵而还。,勒,D. 率领
翻译,使我天祚皇帝蒙尘于外，日夜痛心疾首。,蒙尘,指帝王流亡在外，蒙受屈辱
翻译,残我黎庶，屠翦我州邑。,屠翦,屠杀并摧毁，形容破坏之烈
注释,辽以翰林为林牙，故称大石林牙。,林牙,辽代对翰林的称呼，为官名
填空,"述号叫呼天，幸而获免，咸以为精诚所致也。高祖闻而嘉之，及临豫州，讽中正以述为主簿，甚被知器。",嘉,夸奖，赞许
填空,"述语子综曰：“主上矜邵夙诚，将加曲恕，吾所启谬会，故特见酬纳耳。”",矜,同情，怜惜
选择,"高祖闻而嘉之，及临豫州，讽中正以述为主簿，甚被知器。",讽,婉言暗示
选择,"若此疏迹宣布，则为侵夺主恩，不可之大者也。",宣布,传布
翻译,"除吴郡太守，以疾不之官。病差，补吴兴太守。在郡清省，为吏民所怀。",除,授予官职
翻译,"除吴郡太守，以疾不之官。病差，补吴兴太守。在郡清省，为吏民所怀。",差,病情好转
翻译,"除吴郡太守，以疾不之官。病差，补吴兴太守。在郡清省，为吏民所怀。",清省,清廉简约
注释,"雍州刺史张邵以黩货下廷尉……义康外镇，将行……",外镇,被贬镇抚地方
填空,"两生素贱其人，力拒之。",贱,轻视
填空,"今日非速君饮，欲少吐胸中不平气耳。",速,邀请
选择,"不能忍君苦也！",苦,嫌弃
选择,"会丞相与王有隙，格其事不下。",格,搁置
翻译,"徒欲驰骋文墨，儿抚一世豪杰，此何可哉！",儿抚,把……当作孩子一样轻视（轻视）
翻译,"古者学在养气，今人一服儒衣，反奄奄欲绝，徒欲驰骋文墨，儿抚一世豪杰，此何可哉！",养气,培养刚正之气（或精神气概）
填空,两生素贱其人,素,向来
填空,今日非速君饮,速,邀请
选择,不能忍君苦也,苦,嫌弃
选择,格其事不下,格,搁置
翻译,今人一服儒衣，反奄奄欲绝，徒欲驰骋文墨，儿抚一世豪杰，此何可哉！,奄奄,气息微弱的样子，形容精神萎靡不振
翻译,今人一服儒衣，反奄奄欲绝，徒欲驰骋文墨，儿抚一世豪杰，此何可哉！,儿抚,把……当作孩子一样对待，意为轻视、蔑视
